recipe,model,accuracy,roc_auc
Interactions,logistic,0.596153846153846,0.61646969119329
Interactions,lda,0.605769230769231,0.615707205489897
LogVolume,knn 30,0.586538461538462,0.602363705680518
LogVolume,knn 40,0.576923076923077,0.598170034311857
LogVolume,knn 50,0.576923076923077,0.593213877239802
